{
    "长春": [
        125.324537,
        43.911417
    ],
    "南昌": [
        115.91795,
        28.661698
    ],
    "上饶": [
        118.006405,
        28.490279
    ],
    "四平": [
        124.373528,
        43.167715
    ],
    "沈阳北": [
        123.435946,
        41.819382
    ],
    "郑州": [
        113.681688,
        34.836075
    ],
    "宁波": [
        121.536596,
        29.86268
    ],
    "北京南": [
        116.379064,
        39.864462
    ],
    "天津": [
        117.210012,
        39.137817
    ],
    "衢州": [
        118.880931,
        28.924451
    ],
    "济南": [
        116.990875,
        36.670968
    ],
    "上海虹桥": [
        121.319321,
        31.194743
    ],
    "余姚北": [
        121.168343,
        30.098008
    ],
    "潮汕": [
        116.588005,
        23.536369
    ],
    "上海": [
        121.453106,
        31.249507
    ],
    "广州南": [
        113.26708,
        22.988342
    ],
    "义乌": [
        120.043386,
        29.377875
    ],
    "商丘": [
        115.658058,
        34.44619
    ],
    "合肥南": [
        117.290288,
        31.798983
    ],
    "福州": [
        119.32026,
        26.11408
    ],
    "山海关": [
        119.767439,
        40.000697
    ],
    "无锡": [
        120.30691,
        31.588013
    ],
    "长沙": [
        113.013386,
        28.194123
    ],
    "深圳北": [
        114.028356,
        22.607177
    ],
    "济南西": [
        116.893458,
        36.669284
    ],
    "郑州东": [
        113.779371,
        34.759051
    ],
    "武昌": [
        114.317221,
        30.530359
    ],
    "苏州": [
        120.610855,
        31.329669
    ],
    "秦皇岛": [
        119.592007,
        39.965726
    ],
    "芜湖": [
        118.3928,
        31.348314
    ],
    "福州南": [
        119.390536,
        25.985382
    ],
    "徐州": [
        117.207965,
        34.264868
    ],
    "汉口": [
        114.25547,
        30.617849
    ],
    "北京西": [
        116.323294,
        39.893874
    ],
    "南京": [
        118.798225,
        32.088036
    ],
    "昆山南": [
        120.95048,
        31.352656
    ],
    "嘉兴南": [
        120.799204,
        30.690846
    ],
    "南昌西": [
        115.792875,
        28.622904
    ],
    "长沙南": [
        113.063993,
        28.146242
    ],
    "蚌埠": [
        117.378815,
        32.943965
    ],
    "南宁东": [
        108.413702,
        22.842626
    ],
    "柳州": [
        109.388292,
        24.307874
    ],
    "莆田": [
        119.063262,
        25.349852
    ],
    "西安北": [
        108.939062,
        34.374741
    ],
    "湖州": [
        120.024222,
        30.862099
    ],
    "南京南": [
        118.799048,
        31.968005
    ],
    "成都东": [
        104.142672,
        30.629002
    ],
    "沈阳": [
        123.398075,
        41.793035
    ],
    "九江": [
        116.006932,
        29.703944
    ],
    "镇江": [
        119.4328,
        32.197697
    ],
    "徐州东": [
        117.303531,
        34.267391
    ],
    "温州南": [
        120.58513,
        27.965897
    ],
    "常州": [
        119.973947,
        31.785297
    ],
    "武汉": [
        114.425521,
        30.607088
    ],
    "西安": [
        108.964146,
        34.277264
    ],
    "金华": [
        119.636091,
        29.110764
    ],
    "杭州东": [
        120.212427,
        30.291538
    ],
    "宜春": [
        114.436609,
        27.789301
    ],
    "兰州": [
        103.850378,
        36.035373
    ],
    "石家庄": [
        114.484582,
        38.01015
    ],
    "厦门北": [
        118.074013,
        24.636101
    ],
    "唐山": [
        118.121582,
        39.624264
    ],
    "广州": [
        113.257295,
        23.149197
    ]
}