{
    "长春": 16222.34288377238,
    "南昌": 11464.924567604887,
    "上饶": 20639.93320088886,
    "四平": 10169.872391347046,
    "沈阳北": 19369.43420839481,
    "郑州": 19832.231539391494,
    "宁波": 16852.717749290467,
    "北京南": 11883.517671837597,
    "天津": 17369.053952862847,
    "衢州": 13767.487150610195,
    "济南": 13392.191840344653,
    "上海虹桥": 30621.095959415317,
    "余姚北": 10083.309142451319,
    "西安": 11012.58928208636,
    "潮汕": 10023.631942582833,
    "上海": 11905.239071767688,
    "广州南": 26519.602663231148,
    "义乌": 21348.494638048272,
    "商丘": 13789.820450186478,
    "合肥南": 15133.007987192954,
    "福州": 11811.952604819491,
    "山海关": 18775.60968719112,
    "无锡": 18422.602558993167,
    "长沙": 12246.761282162088,
    "深圳北": 17309.883932264333,
    "济南西": 14503.158960104325,
    "郑州东": 20165.117399911018,
    "武昌": 11484.576682581139,
    "苏州": 18212.065247000108,
    "秦皇岛": 14711.046019936337,
    "芜湖": 10544.955015989028,
    "福州南": 10740.429138905385,
    "徐州": 15204.142259859691,
    "汉口": 12909.788767705955,
    "北京西": 13531.369966382888,
    "南京": 16413.13695822619,
    "昆山南": 11205.818403264648,
    "嘉兴南": 12341.93364729903,
    "南昌西": 17015.73179820764,
    "长沙南": 25193.736804939374,
    "蚌埠": 10441.086578377784,
    "南宁东": 11776.373336720246,
    "柳州": 10064.058506842697,
    "莆田": 13144.118555565874,
    "湖州": 10361.20111940319,
    "南京南": 30861.36884636716,
    "成都东": 14412.820585868461,
    "沈阳": 16203.453913827158,
    "九江": 11110.457933583555,
    "镇江": 10683.86584602843,
    "徐州东": 17194.161283205645,
    "温州南": 16853.611231223524,
    "常州": 18968.087115759674,
    "金华": 18520.51192267647,
    "杭州东": 32341.603297601614,
    "宜春": 10653.290027368505,
    "兰州": 10726.713746496403,
    "石家庄": 20693.502156867806,
    "厦门北": 16187.59177268309,
    "唐山": 18749.484457059607,
    "广州": 10637.140843031211,
    "西安北": 16457.766734984365,
    "武汉": 18403.225294434684
}